{"Progress": 2, "_timestamp": 1682697002, "_runtime": 585, "Train Loss": 4.959564075469971, "Train mean_bag_auc": 0.7118546880563709, "Test Loss": 5.610976261138916, "Test mean_bag_auc": 0.6827185465371489, "bag_auc_0": 0.47237820704801836, "bag_auc_1": 0.5046843703560122, "bag_auc_2": 0.5272129841680773, "bag_auc_3": 0.5117795607838123, "bag_auc_4": 0.4905529663685603, "bag_auc_5": 0.4321960959823734, "bag_auc_6": 0.48944274240291463, "bag_auc_7": 0.5105806645442343, "bag_auc_8": 0.5117719950433705, "bag_auc_9": 0.48031688520818955, "bag_auc_10": 0.5401807997337917, "bag_auc_11": 0.5069110576923077, "bag_auc_12": 0.42829863023759684, "bag_auc_13": 0.5080323594816348, "lr": 0.0001, "_step": 2}